,user,collateral,debt,available_borrow,threshold,ltv,healthf,amount,ethdebt,collateral_steth_calc,diff_collateral,diff_debt
2,0x9600a48ed0f931d0c422d574e3275a90d8b22745,47847.61388639631,37887.22051631522,0,8300,7200,1.0482035626922612,47860.01680242652,37887.22051631522,47847.61388639631,0.0,0.0
4,0x7c07f7abe10ce8e33dc6c5ad68fe033085256a84,28833.787515791082,17834.753655243214,2925573356126363143906,8300,7200,1.3418768826712024,28841.2617243533,17834.753655243214,28833.787515791082,0.0,0.0
9,0xbcd420d13362532756c968f663f96ba95e240dd2,18825.487721484085,10268.559646392609,3285791513075933232521,8300,7200,1.5216500996146016,18830.367608368135,9701.863584813202,18825.487721484085,0.0,0.05518749280270186
10,0x94cb486eb43ba23159a7debac920b0fa7cb476fa,15856.601851145168,10465.00066112975,951752671694770537666,8300,7200,1.2576186053513059,15860.711941507687,9786.59032156676,15856.601640435249,1.3288466277476669e-08,0.06482659309165797
15,0x1da05bce1edd2369cddcb35e747859ef6a675010,11458.012728457952,5561.853938883949,2687915225605776830707,8300,7200,1.709888585554698,11460.982840407141,5561.853938883949,11458.012728457952,0.0,0.0
16,0xa2d8bf2f85abaca84615bd5e550fe39daf2ab353,11433.614811176149,8121.675488329618,110527175717209668481,8300,7200,1.1684658303465396,11436.578598769853,8121.675488329618,11433.61481117615,1.5909136643013613e-16,0.0
20,0x0c8a1460ea6c6a59ce0468e2dc34180a20b8f835,9821.824584264366,6870.838811966019,200874888704324171051,8300,7200,1.1864802286937628,9824.370568393717,6870.8387212123935,9821.824584264366,0.0,1.3208522050702531e-08
22,0x48d93dabf29aa5d86424a90ee60f419f1837649f,10203.114986455304,7172.9345196309205,83520858736092370681,8208,7112,1.1675440167427362,9847.162741888516,6694.879047816208,9844.610851170892,0.03513673380730582,0.06664712615267404
24,0x0279431a5e11d234dcf1d4493494db9f06ea42cd,8395.676276127075,5634.707729637512,410179189173981449492,8300,7200,1.2366943670446167,8397.852578337606,5634.707655211351,8395.676276127075,0.0,1.3208521928695892e-08
27,0x64a53b849072a4d778cec579396e279f299b0bec,5985.281314737368,3990.536518210718,318866028400187573565,8300,7200,1.2448911239282374,5986.832801541708,3990.5364655016283,5985.281314737369,1.51955213789786e-16,1.3208522073698604e-08
31,0x31bc74806e7d7ab8571d94b2dafa5d6734a6d1e9,5490.700029461534,3740.1349752755964,122023425447646476903,8139,7034,1.1948447806083382,5112.921647200443,3620.993623712789,5111.596634338014,0.06904463785844402,0.03185482672427571
32,0x9b10a954b7a14ae7e12e472036e545f8576b7531,4958.1411378295315,2788.5378917969865,781323727440276223628,8300,7200,1.4757759457041344,4959.42637241499,2788.5378917969865,4958.1411378295315,0.0,0.0
35,0x94269a09c5fcbd5e88f9df13741997bc11735a9c,8438.437218283743,5031.799601183886,1043875195980409857265,8300,7200,1.3919280270079961,8440.614414125224,5031.799601183886,8438.427030191491,1.2073434912794283e-06,0.0
40,0x29cc23660158f945942dac47a9db1c0177f31c77,4113.885628207482,952.3873426905185,2009610309618868637116,8300,7200,3.585227268735103,4114.952017393068,952.3873426905185,4113.885628207482,0.0,0.0
42,0x79c0230b1772ac789cb443e1a23cd725b31bad42,2882.3116456522307,2029.8640397219676,45400345147638513857,8300,7200,1.1785610361465537,2883.058789896431,2029.8640397219676,2882.3116456522307,0.0,0.0
49,0xc037af4cc87a7f736f3e05c5b8347576c8ebb79a,2589.034524633516,355.71266958193155,1508392188154200077373,8300,7200,6.041108004309813,2589.70560935974,355.71266958193155,2589.0344875473834,1.4324309786631167e-08,0.0
51,0x7bdff8af765637783a3e012012f147a6930dd7e8,2584.9706575670734,1853.6205916592626,7558281789030215877,8299,7200,1.1573388633941453,2562.6906848848935,1853.6205916592626,2562.0265639860804,0.008875959003181711,0.0
57,0x2b1f4a047c9771c80284be3c2e063f5586018490,2058.9426799773223,1019.0559757901278,463382753793544089869,8300,7200,1.6769661971278464,2059.4763929693936,1019.0559757901278,2058.9426799773223,0.0,0.0
61,0x4a2b6651f8536275b47fc424d8c62667e11ade8c,1899.191983632788,207.80926618008576,1159608962035521576812,8300,7200,7.58546226254021,1899.6842865249275,207.80926618008576,1899.191983632788,0.0,0.0
65,0xd19e46692b687ff54c941cd0e0e2883259c7e01e,1722.6026171296573,1263.5410254080175,0,8307,7213,1.1325045766420798,1693.651136254762,1263.5410254080175,1693.212226821985,0.01706161944456174,0.0
66,0x74b8c7680502931c33d9446e26592b8318eb7248,1691.3774553233977,1212.435127390959,5356640441887314397,8300,7200,1.1578708470277932,1691.8158891521687,1212.435127390959,1691.3774553233977,0.0,0.0
68,0x5ec68a1a5a742b24c7b20ff19e375361a1ca279b,1849.872354192654,1281.5346530039928,4681594866159648983,8051,6953,1.162147452563552,1664.1941589927799,1239.4398907453196,1663.7628833311526,0.10060665561042229,0.0328471509997803
69,0x6621295a7fadd3ab78ae6915502bd50fdd5a1491,1578.4086669234769,1218.394303027816,0,8300,7200,1.0752505902980873,1578.8178173192246,1218.394303027816,1578.4086669234766,1.4405247526067683e-16,0.0
95,0x12df0c95d2c549bbbc96cf8fba02ca4bc541afd9,1018.4431457597278,689.8169143744992,43462150572504802384,8300,7200,1.2254089358581013,1018.7071435600861,689.8169143744992,1018.4431457597278,0.0,0.0
104,0x6949a8837eff81e7fe03cc754f72884bb9bf0bed,776.5507114064443,459.48066807129305,99635844141346827685,8300,7200,1.4027512695427315,776.7520065700786,459.48067414035364,776.5507114064443,0.0,1.3208522166282055e-08
109,0x4c6c8f0be51c5a9570560c89e8222bd464db4eb1,718.1477926350497,515.3035468798724,1762863817363342042,8300,7200,1.156721453784298,718.3339487679444,515.3035536862708,718.1477926350497,0.0,1.3208522214688798e-08
112,0x438857166f250b92541b2695ff1d787a6850d2d3,701.5914744919512,430.05984125094534,75086020383259505976,8300,7200,1.3540462697806928,701.7733389453448,430.05984125094534,701.5914744919512,0.0,0.0
114,0x9ca173d2e4b4246b8cc9d7ee331678e638c386b4,689.7004770066897,470.9412065218615,25643136922955091395,8300,7200,1.2155474780883901,689.8792591111144,470.9412065218615,689.7004770066897,0.0,0.0
115,0x8e62f29678bd7756737b25fceb7fbc9af2315541,717.1678186701647,418.4111630072283,96873914707284989620,8300,7185,1.422641989802632,665.2475237681839,418.4093003706517,665.0751249742038,0.07263668605843984,4.451689489426785e-06
127,0xfbf3fee8a50886498ff14ca42044f2374759a265,527.5229442292988,348.13105267948964,31685467165605511886,8300,7200,1.2576989048817302,527.6596871564763,348.13105267948964,527.5229442292987,2.1551069762038574e-16,0.0
133,0xf47b9cc429c5bf92e492fb3991fbbc32de53dac2,515.524942258716,304.5142989436177,66663659482657799419,8300,7200,1.405141576468169,515.6585750995405,304.5142989436177,515.524942258716,0.0,0.0
135,0xa9e155de3cb004a88d924ca1eb4d3c94655815e5,523.7691698572424,384.52810640480305,0,8300,7200,1.130550416837049,523.9049397422021,384.52810640480305,523.7691698572424,0.0,0.0
138,0x0e7121299279d976c246957617db97a81a9a1a4b,481.71652026239826,301.7599026914452,45075991897481558351,8300,7200,1.3249762750176202,481.8413893847199,301.7599026914452,481.7165202623982,1.1800180494089045e-16,0.0
141,0x4b59e51dab0e45ba164db83c6e0e77f79905e783,478.48245272218276,310.167757754739,34339608205232574641,8300,7200,1.2804052833674775,478.6064835191444,310.167757754739,478.48245272218276,0.0,0.0
145,0xb4758dd8c0f274f6bf07cb3bb1e7780d87e18489,463.29760024581014,238.00883567774355,95565436499239744407,8300,7200,1.6156417349340484,463.4176948705179,238.00883567774355,463.29760024581014,0.0,0.0
148,0xa94b23d8992be8346239912e9ee98e52e16df133,437.1489838467366,241.01916385784762,73728104511802748216,8300,7200,1.505414137138031,437.2623003049453,241.01916385784762,437.1489838467366,0.0,0.0
149,0xfc62a29a70ff2b631ee08a75e8d3561cb585dbfa,438.1397662994797,263.9232814527962,51537350282829212833,8300,7200,1.377885285552611,438.25333958536623,263.9232814527962,438.1397662994797,0.0,0.0
150,0xd3c79932541cebe473c783d4152532892323b044,442.44969622119777,307.22265146947257,11341129809789854201,8300,7200,1.1953325905726213,442.56438671428805,307.22265146947257,442.44969622119777,0.0,0.0
159,0x7d5ae3d772ab71d36235e0776417b7764a4d5a6b,400.4695986235572,257.0322566746232,31305854334337987660,8300,7200,1.2931830858814124,400.5734071607222,257.0322566746232,400.4695986235572,0.0,0.0
162,0xec04880883cc6ce406b125975604a36ccd83379d,370.294196081245,260.92488218044264,5686938998053768935,8300,7200,1.1779029281496023,370.3901826403945,260.92488218044264,370.294196081245,0.0,0.0
164,0xb6242ebd641c54b548cc2f3e00b298be1bda0c45,356.5883119238881,177.4286945865605,79314889998638942573,8300,7200,1.668097145089662,356.6807456845485,174.51140730608526,356.5883119238881,0.0,0.016442026399805472
165,0x79b578863c9f14b10066b4f54ad9d05ee9d82a3e,345.8028975933026,229.29402705983568,19684059207342188580,8300,7200,1.2517395620058716,345.8925355909682,229.29402705983568,345.8028975933026,0.0,0.0
168,0x8c0fcf914e90ff5d7f2d02c1576bf4245fad2b7f,320.79802391313564,151.4640681824435,79510509035014163283,8300,7200,1.7579242591528754,320.8811802218849,146.00778587470325,320.79802391313564,0.0,0.036023608590573304
174,0xdafc8ee61a094e6dca9757eef2ae6ba9095a195f,307.61595636606205,103.59285851118163,117890630072383058413,8300,7200,2.4646606672821236,307.6956956585045,103.59285851118163,307.61595636606205,0.0,0.0
175,0xa86271026a587c4beb528f46452f5c8375e2e95b,324.282086221854,195.53149903409542,36038338736930516789,8250,7141,1.368233366258697,297.4068002329544,195.53149903409542,297.32972730618695,0.08311393092872818,0.0
178,0x0fe20e0fa9c78278702b05c333cc000034bb69e2,362.8556327286823,217.7585668928205,43497488671830722125,8300,7200,1.3830462767191174,362.949691085584,217.7585668928205,362.8556327286823,0.0,0.0
179,0x57334aab534f2fb861461262b158b65f22b387e2,288.53421869391195,226.85651398885446,0,8300,7200,1.0556602378528697,288.609011675121,226.85651398885446,288.53421869391195,0.0,0.0
182,0xe515ca170a2f702217722098cb0dc6a5cad8d1f7,283.14922174789086,109.81586887191092,94051570786570510634,8300,7200,2.140071890018639,283.2226188462226,109.81586887191092,283.14922174789086,0.0,0.0
185,0xb179bdb06485b069753c64fc67e7271a25479d92,270.1951964601486,204.88115002195278,0,8300,7200,1.0945956377045618,270.26523565460917,204.88115002195278,270.1951964601486,0.0,0.0
188,0x3bbdca01f54aada872216e2e5b3172f8bed0f755,258.837830681403,172.287317017703,14075921072907136989,8300,7200,1.2469600385238429,258.904925853317,172.287317017703,258.837830681403,0.0,0.0
189,0xcc9ade445b5944e89e9860a3392e60f0a5127569,252.96364778523505,180.63605329766656,1497773107702668610,8300,7200,1.162336221528027,253.02922026894606,180.63605329766656,252.96364778523505,0.0,0.0
190,0x80a03dbf383c6fdd96fb95d1a24d63c7b6d02b08,265.88120382043934,163.55584733179876,26682154001725589849,8263,7155,1.343257623013244,260.56007679568575,163.55584733179876,260.4925526916583,0.020267138298426697,0.0
191,0x2839da03ce71177515ecd7f40e6e847dd497179c,302.7916174237,196.4488907780845,21561073766979520810,8285,7200,1.2769878925858578,258.43122302731035,196.4488907780845,258.3642506154112,0.14672588094181302,0.0
192,0x37d11fad5fc57562eb12b7c575958c9a2bcf843c,253.14176722219665,128.4537740852835,53808298314698073717,8300,7200,1.635667525462722,253.20738587749784,128.4537740852835,253.14176722219665,0.0,0.0
200,0x1182cb8f6f83b76109cca9a2ed0748390d7fb508,238.0847532262705,163.89112285310762,7529899469807141994,8300,7200,1.2057416029477006,238.1464688472281,163.89112285310762,238.0847532262705,0.0,0.0
201,0x63f760734b6f6be77bbc82b723e56f85820df671,236.44949093908662,171.33562999754966,0,8300,7200,1.1454306234041838,236.48038079436813,171.33562999754966,236.41909693987446,0.00012854330576664833,0.0
204,0x35bb437ff8c48a68759514e43d360af823e9504d,233.84538950089157,166.00931027500513,2359370165636802321,8300,7200,1.1691613739266469,233.9060062066048,166.00931027500513,233.84538950089157,0.0,0.0
206,0x99411b65984885f113af841402b4c403e8d614c1,214.68795906304868,149.32010657839257,5255223947002475669,8300,7200,1.1933490412343144,214.74360983667512,149.32010657839257,214.6879590630487,1.3238613639275986e-16,0.0
234,0xf035af8a3dff1f90aeb21f9623589ae1330e9e09,170.67633204585388,124.58890885385898,0,8298,7200,1.1367562460778613,168.67138851723362,111.84117090929651,168.62767735271157,0.012003156316904674,0.10231840106662615
239,0x41723573a9ff3d78fd70e9052b02d3b5cb403cf0,159.9026567201837,85.42574438057844,29704168457953819170,8300,7200,1.5536207034553648,159.9441062108316,85.42574438057844,159.9026567201837,0.0,0.0
242,0x6f32cc4bd6702230399f21f75279f4ad080714f0,159.68408033818642,101.98244254918782,12990095294306399116,8300,7200,1.2996137704465114,159.72547317011527,101.98244254918782,159.68408033818642,0.0,0.0
248,0x0fe6e87a028132637e4cc67d379add8f08ddd663,159.53519659172122,114.24079045237038,624551093668888633,8300,7200,1.1590799805112968,159.57655083044853,114.24079045237038,159.53519659172122,0.0,0.0
253,0x918fcc24e6b7f5ec73b4cf766e2393d8fe707541,140.3015521932927,70.19410693631853,30823010642852206748,8300,7200,1.6589752815870842,140.33792074397724,70.19410693631853,140.3015521932927,0.0,0.0
256,0x03f48d32af6003a5410aad1a1b3d9cacffcc2d54,145.45559573235772,45.326534485473395,58863308737614451093,8263,7163,2.6516467697782327,141.47188192242336,36.60497779326892,141.43521950587296,0.027639886978857515,0.19241613750549638
260,0x68afeb4ed9289a0176dd527919884be0d334a497,134.56824327649986,96.05642418745138,832710971628515524,8300,7200,1.1627711822952291,134.60312565591494,96.05642418745138,134.56824327649986,0.0,0.0
272,0x9b82ba5866b6086b8952982d17e924bc8ad6f1a0,123.75345580450139,83.09456002321343,6007928156027563863,8300,7200,1.2361262673397804,123.78553480690339,83.09456002321343,123.75345580450139,0.0,0.0
275,0xa55e165446141fa1a5e35594c2b7815ef986b4a6,110.53615625051191,78.95212103827264,633911462095948067,8300,7200,1.1620335018415884,110.56480910387117,78.95212103827264,110.53615625051191,0.0,0.0
278,0x554cfd5e0ef41dbe5dc91625b68fabc5424eadd9,114.1150580194732,79.25453538113807,2908306392882629805,8300,7200,1.1950798487515235,114.14463858509468,79.25453538113807,114.1150580194732,0.0,0.0
285,0xf2a2e9d91787ec931d0d68a17fac14dc536d530f,106.57885754673917,66.27650883488177,10460268598770436653,8300,7200,1.334718036886641,106.60648460090924,66.27650883488177,106.57885754673917,0.0,0.0
288,0xd1d1060821f00a86d4f2a025ad23cbca80d5caf8,101.94775311974597,70.91055871153957,2491823534677539411,8300,7200,1.1932868197189814,101.97417971281318,70.91055871153957,101.94775311974597,0.0,0.0
291,0x81a342b55773db51e205e400202ff0eed88c94ee,120.06727281041572,31.204912283215336,51617492501409429932,8053,6898,3.0985562118127157,106.07622403951429,31.204912283215336,106.04873440228755,0.11675569936749718,0.0
303,0x46449606e34fa807a3f1aafb0f85988a73b78a62,93.67224755621702,42.88023751440105,24563780726075198919,8300,7200,1.8131421367605292,93.69652314197774,42.880238080785624,93.67224170234411,6.24931402750932e-08,1.3208522248813213e-08
304,0xec3ad0399e847d754a636d294d727e2d5facd4c4,94.55271113593847,66.21287286867265,1865079149203047744,8300,7200,1.1852491342353406,94.57722080823754,66.21287374324686,94.55271113593848,1.5029558163351925e-16,1.3208522365379021e-08
311,0xd6e68ae13adb2dcb83912a4a6c133904d9703203,94.37128066158442,61.201304754196876,6746017322143903615,8300,7200,1.2798446579481415,94.39574330401604,61.201305562575676,94.37128066158442,0.0,1.320852232791328e-08
312,0xa8e2337bb1e16d64c532e812a944e427fd15556a,93.08768967420541,36.430282606875735,30592853958552150668,8300,7200,2.1208395022169864,93.1118195880025,36.430283088065934,93.08768967420541,0.0,1.3208522261283746e-08
316,0xda211a8bdde4e0b30f5f7ab5c1683ded72bfe593,87.76300135164966,43.588129261744236,19601231711443523732,8300,7200,1.671172687509698,87.78575101559129,43.58812983747901,87.76300135164966,0.0,1.3208522214299e-08
331,0xc4a1f356e53fc0dfedec35de81c79a5fe1761b1b,80.58799526309949,56.5137927789276,1509563810504023547,8300,7200,1.1835701123445608,80.60888504332269,56.5137927789276,80.58799526309949,0.0,0.0
332,0x300b5010da0de016dca9f9e544175e2b766917f9,81.48114666409758,19.014464296211557,39651961301938704994,8300,7200,3.5567319003920335,81.50226796436806,19.014464296211557,81.4811466640976,1.7440666089034832e-16,0.0
337,0xe583e0230a885e1ffd798555e818ab0b6008e881,81.0340218648154,47.07272139551645,11239360738404705603,8294,7196,1.4277827102870542,80.62313494543169,47.07272139551645,80.60224147234854,0.00532838408523247,0.0
340,0x233a762332173a10b4cd3ba4c351cfe8d83f6925,76.40420556594663,54.63973169425572,371296313225846784,8300,7200,1.1606113107323799,76.42401083665959,54.63973169425572,76.40420556594663,0.0,0.0
344,0x1b6bce429e76a3fd99a85e25873b2d5e06dca59d,76.05619982237671,55.19327481797009,0,8300,7200,1.1437380017903847,76.07591488407682,55.19327481797009,76.0561998223767,1.868467626359237e-16,0.0
345,0xdde81f767befff6fce23bb1f1c9c438f9352df2d,77.49918894285082,43.424502156763296,12374913882089290468,8300,7200,1.4812910598342408,77.519278051895,43.424502156763296,77.49918894285082,0.0,0.0
350,0xd2a93cad9f846dc53ab34dad80b4b003bda81dc4,74.49629387985588,44.84520892368734,8792122669808892036,8300,7200,1.3787855024936815,74.51560458738139,44.84520892368734,74.49629387985588,0.0,0.0
353,0x1390226250fce95daa32651aad9eb92931b1c062,71.75004262457277,51.56952383488267,90506854809715805,8300,7200,1.1548009550965226,71.76864145702342,51.56952383488267,71.75004262457277,0.0,0.0
355,0x48d21dc6bbf18288520e9384aa505015c26ea43c,69.02696009091152,37.44105884949166,12258352415964629257,8300,7200,1.5302018328531972,69.04485305401435,37.44105884949166,69.02696009091152,0.0,0.0
364,0xbeaca3595d0e023cc726109b5ba38c7164daddb5,62.493280339970866,33.58153867042529,11413623174353731083,8300,7200,1.5445814794619988,62.509479662059306,30.461122742625495,62.493280339970866,0.0,0.0929205763447609
369,0x54ae2d8f92b7d969918fb002004cfbb826b1fd28,66.1993781541806,36.6478946702302,11015657600779825845,8292,7200,1.4978356835880346,61.52043593821196,36.6478946702302,61.5044929266532,0.07092038261436304,0.0
374,0x6e270264437a761cea9e64230a771fea8d6de319,60.47114514539914,39.86602457415253,3673199930534852053,8300,7200,1.2589931152358511,60.4868202956223,39.86602457415253,60.47114514539914,0.0,0.0
378,0xe7058843f07684ec7a785880f338301d6aa68d60,60.02896572069068,37.357284897498225,5863570421399067066,8300,7200,1.3337168823933971,60.04452625047973,37.357284897498225,60.02896572069068,0.0,0.0
381,0x6991f355a08c1761f38141e44f6198461d0b0537,58.47115266906236,40.56939847675649,1529831444968410231,8300,7200,1.1962478749377257,58.48630938718975,40.56939847675649,58.47115266906236,0.0,0.0
382,0x23fc39b3304b9cdde94274513156be330eb21c58,56.145349206609225,40.10265600325522,321995425503420553,8300,7200,1.162033752520107,56.159903036886945,40.10265600325522,56.145349206609225,0.0,0.0
386,0x4eb90d600e5e91e2ff67e081aa922f282b768bd5,55.86301256117851,31.969431341400544,8251937702647983633,8300,7200,1.4503323481307475,55.87749320499151,31.969431341400544,55.86301256117851,0.0,0.0
399,0xcc0676e3782bc0b173c98f8dcfc1baffe86ba5ba,53.1739897661972,30.352632028124024,7932640603537959546,8300,7200,1.4540554988789698,53.187773369526454,30.352632028124024,53.173989766197195,1.3362599625950833e-16,0.0
405,0x6b2e8207059b527cb75d70528aee3eedb75c8f26,51.69976915662509,30.6543674421997,6569466350570363471,8300,7200,1.3998269082181924,51.71317061687665,30.6543674421997,51.69976915662509,0.0,0.0
421,0x3ea32425a70917ce122459bb31b9871a62df9e55,47.43164178426304,18.41160226905852,15739179815610867139,8300,7200,2.138231214515119,47.443936873243274,18.41160226905852,47.431641784263036,1.49803529675805e-16,0.0
422,0xe13a44e6afe7675e52df5de5d65441968a46ca5b,46.743539173390296,22.96916625577582,10686181949065195642,8300,7200,1.6890964644464634,46.75565589446021,22.96916625577582,46.743539173390296,0.0,0.0
433,0x1952413a496e73f2d54882ce7421ad82277ade7e,42.356554367015,29.859587644505478,637131499745324281,8300,7200,1.177375271995478,42.36753390694338,29.859587644505478,42.356554367015,0.0,0.0
446,0x7d18de3ce74066a60bff9a362205150bc8153696,39.87722741489395,20.209715435440515,8501888303283129675,8300,7200,1.6377320531846733,39.88756427107071,20.209715435440515,39.87722741489395,0.0,0.0
449,0x2bfe2911f1a31989a3d90a0ba64968988291e6c7,39.15706488407036,32.19095859155301,0,8300,7200,1.0096115578958427,39.16721506185978,30.94745372090268,39.15706488407035,1.8145965175473582e-16,0.03862901028913853
451,0x4c6cbb3e02b8e2f2cd75cc925b7a74a1622426c2,40.759183879260014,10.046299680123944,19300312712943264083,8300,7200,3.3674212094943634,40.76974935356589,10.046299680123944,40.759183879260014,0.0,0.0
452,0x2ffecf74d23a58cdac2c55d287a7e193fd222465,40.13004881077865,16.642322422243872,12251312721516761523,8300,7200,2.0013997847095792,40.14045120256501,16.642322422243872,40.13004881077866,1.7706002280496937e-16,0.0
455,0xc1ba7b2ca230a58eaed67f07b7475f577c28918e,38.394709794195144,18.163841745045993,9480349306774509715,8300,7200,1.754453136978775,38.404662356567684,18.163841745045993,38.39470979419514,1.8506266607269067e-16,0.0
459,0x9f1597681cc4c4dfd91ce5fe9033aa39e7d7ad3e,36.8133250975322,6.4283882179657175,20077205852257468720,8300,7200,4.753144768941937,36.80178012232022,6.4283882179657175,36.79224294663339,0.0005726771717294975,0.0
463,0x2b752c0a4679383b5d757d554618cc214b990c71,35.67038675429528,24.9894107720197,693267691072902395,8300,7200,1.1847586674278445,35.67963312575968,24.9894107720197,35.67038675429528,0.0,0.0
469,0x6e56d8e39e76e53de82a36fdfb644ec63a0bb79f,34.3350992578047,23.48636928493508,1234902180684303230,8300,7200,1.213390287712862,34.34399950001938,23.48636928493508,34.3350992578047,0.0,0.0
471,0xd90edffe45a23c3dd8b4b7b4088c9d7b5276db2e,34.184857754181614,21.734719953416114,2878377629594647968,8300,7200,1.3054427200710814,34.193719051241,21.734719953416114,34.18485775418162,2.0785306198127562e-16,0.0
481,0xb051eedd14cf9c7297a24b63c28b049fcce838e8,33.29614161814074,19.952751024869084,4020470940192246794,8300,7200,1.3850620151883613,33.30477254484902,19.952751024869084,33.29614161814074,0.0,0.0
495,0x00e433a912f2e2dc40348dfc6e06e0c57739b56d,29.10760519187567,19.4615975911695,1495878146980982803,8300,7200,1.2413838173397875,29.11515037864073,19.461597848228443,29.10760519187567,0.0,1.3208522158390331e-08
499,0x20ab4379e6942a24e1642133f7cb8c04780742ae,28.813215503873952,20.71224245042686,33272712362382655,8300,7200,1.1546296315067763,28.82068437982048,20.712242724004977,28.813215503873952,0.0,1.3208522315244713e-08
503,0x1f8018a124132a85a29b6b14666d408f00af2018,29.529003692101377,13.609236793720875,7651645864592115468,8300,7200,1.8009145873449943,29.53665811253117,13.609236973478781,29.529003692101377,0.0,1.3208522201684276e-08
506,0x0737827d07e70e8ea27113e8515836aa902619cf,27.95966155671389,17.041366062929818,3089590257904183212,8300,7200,1.3617757523884075,27.96690917694725,17.04136628802108,27.95966155671389,0.0,1.3208522258766475e-08
507,0xf61dc7a230cafcd870abc9e80dcbe6416381c69c,29.0651325056187,15.07466408772542,5852231316320043836,8300,7200,1.6003049778937755,29.07266668274047,15.074664286839456,29.0651325056187,0.0,1.3208522214694884e-08
509,0x24393a7e6b782762567d97e3800601eb7f8e80a5,28.246507897492165,17.05514740824657,3282338277947790091,8300,7200,1.3746349412132595,28.253829873180045,17.055147633519862,28.246507897492165,0.0,1.3208522210944469e-08
519,0xb694ad3346403f30aaf4d4c744e1a5a616fac955,27.528388004478984,14.299978225814703,5506696943407926022,8300,7195,1.5978039744473682,26.955597476385044,14.299978225814703,26.948611937424122,0.021061024966682756,0.0
539,0xf36dc19de4c124a491ca71c9abe68ba4100f649a,23.996377743449443,17.105539084887774,171852890395824857,8300,7200,1.164359300705062,24.002598013051347,17.105539084887774,23.996377743449443,0.0,0.0
553,0xf49fb9d167591213a6a60152ea57205703878996,21.701756735148155,15.028029269672283,597235579634390522,8300,7200,1.1985908309696665,21.70738219992333,15.028029269672283,21.701756735148155,0.0,0.0
557,0xd40cb324b57d66f618490c55f453c5ea8bd8f51f,26.315397894248708,10.351741874404375,8732184678504788232,8369,7252,2.127502478800355,21.74151212289579,10.351741874404375,21.7358778133563,0.17402435255950557,0.0
568,0x4befb90f80c2a7d004053324953ac7c510b5e6ec,21.058647599787314,10.577980733014597,4584245538832268142,8300,7200,1.6523642790604949,21.064106359726942,10.577980733014597,21.05864759978731,1.6870569023798005e-16,0.0
576,0xfe28d26228e267e8fb108b9742409323681c6278,20.12105890558809,13.791700532133977,695461879889446316,8300,7200,1.2109078828043596,20.12627462657759,13.791700532133977,20.121058905588086,1.7656693395066941e-16,0.0
585,0x9447fe870084c5a9c2d5faf22c692bd722e83660,19.658356628711456,7.168978661689149,6985038110983099618,8300,7200,2.275977760824586,19.663452409394203,7.168978661689149,19.658356628711456,0.0,0.0
588,0x1314dd7047dcf0ea5d4d1fd6a907e7492f1b307c,19.11817074567706,14.97435805572674,0,8300,7200,1.0596836044563143,19.123017507961816,14.97435805572674,19.11806178090107,5.699539848204379e-06,0.0
592,0x10a746c78715fb3b9edcf4ba6edf67703a56175a,17.93245278092597,12.062033512880182,849332489386516435,8300,7200,1.2339491340556354,17.937101177951277,12.062033512880182,17.93245278092597,0.0,0.0
593,0xc6b8cf49380edac9926ebacbcb1e56d7d7391589,18.13310458960803,12.290981606050485,764853698467298022,8300,7200,1.224513817673095,18.137804998997847,12.290981606050485,18.13310458960803,0.0,0.0
598,0x4cca34660bb1f113e89f525e10f6e8b24bdde826,17.507402119765068,13.284745983462821,0,8300,7200,1.0938217243667085,17.511940336423358,13.284745983462821,17.507402119765068,0.0,0.0
602,0x76cf02b2f89d310a3231d8915239fd868c10c48d,17.483046477694543,6.758017222683433,5829776241256637374,8300,7200,2.147216868252454,17.4875783809558,6.758017222683433,17.483046477694543,0.0,0.0
604,0xf1b5ca4134caf84640d0c0f9113b4b67c445e35e,17.170610761971282,3.3958276090351722,8965295078507953936,8299,7199,4.196293661505587,17.174412934616083,3.3958276090351722,17.16996218813232,3.777232201888477e-05,0.0
608,0xa7f5bbbf3be2172c9e2b6b18f48a39b3ef4d610f,16.866255350956866,13.264345995870858,0,8299,7200,1.0552578559181442,16.792329409960253,13.264345995870858,16.787977680363433,0.004641081791103813,0.0
615,0x6bf066e150e25be0f3964c4f28a30861f093e10c,16.571612021519506,10.902064035128943,1029496620365101734,8300,7200,1.2616361391330344,16.575907665454356,10.902064035128943,16.571612021519506,0.0,0.0
618,0xd546f70f07afa1c3070d2a63d2bd3f177972c063,15.58345600386012,10.20138357499586,1018704747783426094,8300,7200,1.2678935546455177,15.587495500933793,10.20138357499586,15.58345600386012,0.0,0.0
619,0x5e6aefe3c00c1f3cfe50e569470fb081c271c4c6,15.89021089138123,8.303250939183627,3137700902610859312,8300,7200,1.5883989459606949,15.894329904543643,8.303250939183627,15.890210891381228,1.117893809932842e-16,0.0
625,0xa0444f714a29c1602ab803d62f61a5782713fa31,15.032301608574521,9.731506911473314,1091750246700340186,8300,7200,1.2821046574407569,15.036198237046625,9.731506911473314,15.032301608574521,0.0,0.0
635,0x91d48c6b07b04273555d2ae1c07b1055d9fbbecd,13.372063182032608,7.196630790129247,2431254700934230586,8300,7200,1.5422234049174748,13.37552944844228,7.196630790129247,13.372063182032608,0.0,0.0
638,0xa7ca87c267c3a169fd4b37fdeb5fdafdeba1837f,13.593087917735412,7.781621817065324,2005401483704172223,8300,7200,1.4498600981839107,13.596611477519087,7.781621817065324,13.593087917735412,0.0,0.0
641,0x6224162138328727d3e2bbfa52002e0af562f9b5,13.27944328724137,2.0751720367983104,7486027130015476294,8300,7200,5.311336955665415,13.282885544997644,2.0751720367983104,13.27944328724137,0.0,0.0
645,0xbd54f93184170d8e697ee61961bc2e2c4c8ab1d5,12.700149478953735,6.8954185147563285,2248689110090360237,8300,7200,1.5287141810135803,12.70344157389357,6.8954185147563285,12.700149478953735,0.0,0.0
656,0x26bb5d5c90c9427f506ebf16fbfddb060478685f,12.880923336983516,8.79491575486353,479349047764601993,8300,7200,1.2156075928054426,12.884262291584669,8.79491575486353,12.880923336983516,0.0,0.0
657,0x72256119213bc05e8e74ca53c3c9ffe8d87e4f96,12.89133349232113,8.170276373353351,1058629273799345434,8224,7159,1.2976100415234246,12.1420663076076,8.170131784834188,12.138919692982114,0.05836586259964488,1.7696894518090396e-05
665,0xc411ed887ae13c9c6467be85a688459c5a4af3d5,11.089958346361655,6.237799110424225,1746970898956167006,8300,7200,1.4756271025301064,11.092832923263884,6.237799192816333,11.089958217309384,1.163685805312893e-08,1.3208522234938853e-08
674,0x53002be371de5f2cdacf4188c1a57eb237dc5976,10.48510637089222,6.657585700367406,891690886674992510,8300,7200,1.307176306774433,10.487824288951723,6.657585788304274,10.485106370892218,1.6941715005692336e-16,1.3208522189778212e-08
680,0x1fc9eea2c6b20b04857a1f3357d9638a231b8452,10.285190774126496,3.8774902218377667,3527847135533310446,8300,7200,2.201606671874198,10.287856870660152,3.877490273053682,10.285190774126496,0.0,1.3208522156977234e-08
686,0x7f55da11e1aeee6491a7958973725404964937f3,9.924474275235363,6.998517085295878,147104392873583661,8300,7200,1.1770084359374113,9.927046867912022,6.998517085295878,9.924474275235363,0.0,0.0
687,0xefb91da5ead6c58f9cbec30be6ae0191aaac7e3f,9.905015261730663,6.64313858013613,488472408309947467,8300,7200,1.2375419491953432,9.90758281029977,6.64313858013613,9.905015261730663,0.0,0.0
691,0x866fb55bf89c84e543daded9c1bd7c0337807b60,9.665995032904995,4.149463871900443,2810052551791152851,8300,7200,1.933448783983926,9.668500623361943,4.149463871900443,9.665995032904993,1.837738208382245e-16,0.0
701,0x79f11da8ab33f094878607137296b52909327fe3,9.276771604458066,5.0228970570355065,1656378498174300584,8300,7200,1.532924195791609,9.279176301576603,5.0228970570355065,9.276771604458066,0.0,0.0
708,0xf1e5d304eb2642bf29a7994a57b535e19b4104a9,8.890919271791319,4.154491873393268,2246970002296481760,8300,7200,1.7762612662326533,8.893223949416859,4.154491873393268,8.89091927179132,1.9979450775536676e-16,0.0
712,0xe472fef1286cc1c367821e317921fc07084a62d2,8.860606359529804,5.507230530422553,872406048438906569,8300,7200,1.3353904903351603,8.862903179532468,5.507230530422553,8.860606359529804,0.0,0.0
717,0x4f33d206eaeccc0674158bcbcf44711b9454d7ac,8.27301937612838,2.5504930478062593,3406080903006173558,8300,7200,2.692266143635517,8.27516388358244,2.5504930478062593,8.273019376128378,2.147168716328515e-16,0.0
723,0x870dc279570833a8c5a72fc7972681db9a96cfb7,8.372832897507033,5.63805066240212,427229488551975506,8312,7244,1.2343803064449081,8.016466936629865,5.63805066240212,8.014389470450016,0.042810292698393794,0.0
737,0x2b2d0de9a8d1747b6eede6d34f4c12f6590e914b,7.464167356680612,0.09134588031246317,5282854616497577382,8300,7200,67.82198479945713,7.4661021959221285,0.09134588031246317,7.464167356680612,0.0,0.0
743,0x58098a94c6ec47937557f8790a5531eaf196e939,6.883764597517875,2.835263958387341,2121046551825529397,8300,7200,2.015164972219945,6.88554898648401,2.835263958387341,6.883764597517875,0.0,0.0
744,0xb28a71bb3ad0667acfbbb6fe77e42dae361146ec,6.739811028561617,1.0003896098554115,3852274330708952260,8300,7200,5.591864508183628,6.741558102312153,1.0003896098554115,6.739811028561616,1.3178090838693392e-16,0.0
745,0x70c697d39853f20c844cecbc4848e4e13f4110b1,6.80512026480153,4.536640337885493,363046252771608253,8300,7200,1.2450292284836255,6.8068842678178605,4.536640337885493,6.80512026480153,0.0,0.0
755,0x4732f44a1d3eb0d83679b853bc7431236925d1d2,6.352670422250806,4.112755395525004,461167308495576861,8300,7200,1.2820398840653866,6.354317142565885,4.112755395525004,6.352670422250807,1.3981182096102444e-16,0.0
757,0x70d1e562b1c6a2505579dd12f6fa5ef751f37006,6.389001379461704,3.4149411513845824,1185139841827844404,8300,7200,1.552844078382778,6.3906575173793545,3.4149411513845824,6.389001379461704,0.0,0.0
760,0xecee3103a3675ed294400169ddaa5bbe3d6cf7b4,6.358247151192062,4.158893473175459,419044475682826049,8300,7200,1.2689301059351195,6.359895317090215,4.158893473175459,6.358247151192062,0.0,0.0
764,0x915111926dbe21e2b395e638762f546c4f115d53,6.1187776594844046,4.057044885200153,348475029628618358,8300,7200,1.2517942495283745,6.120363750813813,4.057044885200153,6.1187776594844046,0.0,0.0
773,0x397a04c5d59dc23277eb3b63bf908cd681a084f3,5.863136606703987,3.8505432626822604,370915094144610421,8300,7200,1.263822544399724,5.864656431520733,3.8505432626822604,5.863136606703987,0.0,0.0
788,0x5ff98ac2fe574d860c310e5dd21e93e3bc51510f,5.5436420874456775,3.5307171340746746,460705168886213389,8300,7200,1.3031978371118633,5.54507909384427,3.5307171340746746,5.543642087445677,1.6021568594977022e-16,0.0
789,0x25705e67cf04fe709b7c27339a90f9fa9dcfef18,5.484324598342836,2.0876520343912874,1861061676415554577,8300,7200,2.180434929593912,5.48574622863849,2.0876520343912874,5.484324598342836,0.0,0.0
790,0x53829c1ed585f013a39ebba270d82589e002d118,5.4359799881325515,2.4046361106981156,1509269480757321623,8300,7200,1.8763185706464878,5.437389086682268,2.4046361106981156,5.4359799881325515,0.0,0.0
794,0x7f1c5556cf0506847df80f18ef843a6a8587b563,5.272677165829445,3.6713347156932663,124992843703934484,8300,7200,1.1920248047478965,5.274043933507714,3.6713347156932663,5.272677165829445,0.0,0.0
801,0x642fc97f6aa85ce4396e499abecc77c9ecc3e381,5.20254824761486,3.498934357714293,246900380568406170,8300,7200,1.2341229083077674,5.203896836683722,3.498934357714293,5.20254824761486,0.0,0.0
811,0xbffb44f61939fc250364aa78fc350daca34e5046,5.204415548495565,1.9780176323014402,1769161562615366725,8300,7200,2.183835388881419,5.2057646216006015,1.9780176323014402,5.2044155484955645,1.7065862850956818e-16,0.0
815,0x4fc85320cdc8da27514dea8e76cc6f28933951fe,4.92798353378379,2.0812407271323528,1466907417191975514,8300,7200,1.9652826699563402,4.929260951004905,2.0229279810681002,4.92798353378379,0.0,0.028018261080542572
824,0xdedd4ca140a2790bc25266afe3976fd03963fb46,4.6122936106551276,3.136162548433977,184688851237714883,8300,7200,1.2206649488736945,4.61348918384473,3.136162548433977,4.61229359882875,2.5640989514512718e-09,0.0
831,0x610ec00fa77b5b26785533552ae932727bbd7c56,4.366732421923446,2.4563151665343086,687732177250572877,8300,7200,1.4755386277690994,4.3678643533021795,2.4563151665343086,4.366732421923446,0.0,0.0
843,0x00af5230ff29a08c8c0100338cf2a5a248b06632,3.8600668722241633,2.4772769139291713,301971234072226186,8300,7200,1.2932972837761882,3.861067467267437,2.4772769139291713,3.8600668722241633,0.0,0.0
845,0x09a33a35d158e44d78e9a97440ba7f01a5da21fd,3.749184662518718,2.041767505338428,657645451675049137,8300,7200,1.5240830612468503,3.750156515005686,2.041767505338428,3.749184662518718,0.0,0.0
848,0x089e9f99fd0561a5868617e68785032a42c436f1,3.6569748444552683,2.4751779708885344,157843917119258487,8300,7200,1.2262912633341958,3.6579227867306505,2.328088313166436,3.6569748366002504,2.147955155150885e-09,0.059425891573080064
854,0x9b4a2380d18f68622bc12c9d68d7c9f0bf65c79f,3.6852920516915857,1.9874237388105163,665986538407425184,8300,7200,1.5390741003902466,3.686247342126182,1.9874237388105163,3.6852920516915857,0.0,0.0
855,0x1e0665a125861823d8109b0ae9707ecde171ce83,3.6936473243416827,2.6015470699472654,57879003578746188,8300,7200,1.1784246822279254,3.6946047806051823,2.6015470699472654,3.693647324341683,1.2023053931636866e-16,0.0
857,0x824125c2a4c486077c82142fc547b7fbf14e732b,3.6131320086337904,2.514689528854856,86765517361472704,8300,7200,1.192552612461742,3.614068593956844,2.514689562070189,3.6131320086337904,0.0,1.3208522294849655e-08
859,0xe81c5244358a5b45a2866292572e6d37affb2667,3.4394915998556153,1.8058967810853042,670537170810738779,8300,7200,1.5808090793342584,3.44038317462883,1.8058968049385318,3.4394915998556153,0.0,1.3208522139896795e-08
869,0x143e30741b2dfb4f535c4adbb62995ce62494126,3.1512246683915555,1.8248078582982141,444073902943705731,8300,7200,1.4333106156196513,3.152041519468961,1.8248078824012293,3.151224668391555,1.40925911854052e-16,1.320852221768151e-08
870,0x8a8fd287f9c0d69c8d749b32e10a1e0a96dedcf3,3.220779139727435,1.0234583520376646,1282297434093205949,8267,7159,2.6015891213467595,3.171031917625857,1.023458365556037,3.170210145189675,0.015700857570146637,1.320852225648279e-08
880,0x1b4afbbcb6c98616c855e3e04d174938d3ca8188,3.0524000209759627,2.025534831680972,172193183421721267,8300,7200,1.2507768209088403,3.0531912550224645,2.025534858435294,3.0524000209759627,0.0,1.3208522238467742e-08
881,0xa27ad8a4d386441e38f18b56d374b7f81c4fd3fd,3.0437837433693895,2.1718618719247536,19662423301206953,8300,7200,1.163214171054853,3.0445727439300603,2.171861900611839,3.0437837433693895,0.0,1.3208522128742836e-08
884,0x05c7026aed47e6f87c70f7936d04c5da46cd70ad,3.08480518912314,1.0083189430663464,1212740793102314407,8300,7200,2.5392643117324982,3.085604823140859,1.0083189563847494,3.08480518912314,0.0,1.3208522103708764e-08
898,0x06cb9b9b4505408f12d4f4fe07ae2187aaea5427,2.701576155887921,1.8229317091610227,122203123078280584,8300,7200,1.2300560674425725,2.7022764504165107,1.8229317091610227,2.7015761558879214,1.6438152553360274e-16,0.0
903,0xe466c9781505385a82d0cd1737a03ee374a67fde,2.6014477842576054,1.5318627331750503,341179671490425524,8300,7200,1.4095268552284015,2.602122123807781,1.5318627331750503,2.6014477842576054,0.0,0.0
910,0x09a900eb2ff6e9aca12d4d1a396ddc9be0307661,2.5115600928470982,1.65717634038482,151146926465090687,8300,7200,1.257919767656723,2.5122111319775002,1.65717634038482,2.5115600928470982,0.0,0.0
912,0xc2ab5f624a7fe795f8b8a6caa40e94fe3a60f0f7,2.521738067589068,1.2500810754825857,565570333181543209,8300,7200,1.6743254794821374,2.522391485949067,1.2500810754825857,2.521737808581491,1.0270994457850221e-07,0.0
915,0x19c8d4f2f4b3d729ca3ac700bf4b2fa5b1064f0a,2.4649211432160194,1.524153683834779,250589539280755054,8300,7200,1.3423085680715867,2.4655600927367414,1.524153683834779,2.4649211432160194,0.0,0.0
922,0xa7e9f4f8fe405413e2b12207f019678e57e116d2,2.813071705855838,1.0227973233174328,903594180852645176,7860,6848,2.161791305467139,2.3190992927547383,1.0227973233174328,2.3184982985279183,0.17581258462000443,0.0
924,0x184045c22a414310cbec1bf1061a3104985297ec,2.2099193924605878,0.7085959478622609,882546014709362403,8300,7200,2.588545843757537,2.210492241186614,0.7085959478622609,2.2099193924605878,0.0,0.0
935,0x6c2cecd61bc25f8fe08a6a775356e1d205036e3c,2.115499199103622,0.5600672620261264,963092161328481422,8300,7200,3.1350954685405226,2.1160475725082133,0.5600672620261264,2.115499199103622,0.0,0.0
940,0x9082fa443a67fffcc715b305492b89736092ae62,2.0386723313829123,1.0888147290751993,379029349520497669,8300,7200,1.5540734248562431,2.0392007899555655,1.0888147290751993,2.0386723313829127,2.1783255848124418e-16,0.0
945,0x43714ee687c76d6c3a48f070c6b3395218758dcf,2.111891649821067,0.9345700108969061,585991976974262448,8300,7200,1.8755898957952417,2.1124390880874735,0.9345700108969061,2.1118916498210676,2.1028030007490615e-16,0.0
948,0xa24d9946cb643c83dfbf37e96280693509afe37e,1.8670191453272116,0.6952406074591617,649013177176430596,8300,7200,2.2289058981823215,1.8675031084719833,0.6952406074591617,1.8670191453272114,1.1893000962564637e-16,0.0
949,0x11b5ddeca500313ce48e376677ab524986a6a90a,1.898242143089698,0.726343672546742,640390670477840548,8300,7200,2.169139813994951,1.8987341997669995,0.726343672546742,1.8982421430896979,1.1697380428169063e-16,0.0
950,0x726a76f07f8d1f0897379150d824ce32d01bd0d5,1.8868755215163184,1.5489178889176305,0,8300,7200,1.0110972918990078,1.887364631771814,1.5489178889176305,1.8868755215163184,0.0,0.0
951,0x25ec36dad2a6e5813713b2a054cabca31e5e21e7,1.8539835130980598,1.2661659077638412,68702221666761917,8300,7200,1.2153275541821018,1.8544640971850521,1.2661659077638412,1.85398351309806,1.1976622410950591e-16,0.0
954,0xa9fdeb97d2acad58ec48d0406ed2eb6bb96cfdb5,1.7984531924577667,1.1694632337752957,125423064794296403,8300,7200,1.2764113540543862,1.7989193821403553,1.1694632337752957,1.7984531924577667,0.0,0.0
955,0x3c585593c9f4517598ac77597069f65846accb0a,1.7459902975917667,1.234348307480742,22764706785330061,8300,7200,1.1740381043328616,1.746442887998929,1.234348307480742,1.7459902975917667,0.0,0.0
957,0x07ce1ac466f1157f7c531f39276912f0e101facd,1.767170289255113,0.6718053777050885,600557230558592941,8300,7200,2.1832980037942233,1.7676283698766622,0.6718053777050885,1.767170289255113,0.0,0.0
962,0x6b681d575407f916919e342d7ddf5cf9e1d85839,1.712241240025658,0.8311125094512876,401701183367186156,8300,7200,1.7099492704779122,1.7126850821025883,0.8311125094512876,1.712241240025658,0.0,0.0
965,0xdd3cfd799e25ad9d1c072c95ed38ed2fa49211a4,1.6073857552077446,1.097139004709715,60178739039861082,8300,7200,1.216008337225616,1.6078024169580531,1.097139004709715,1.6073857552077444,1.3814020947095766e-16,0.0
970,0x6ea7e3447bbc516b56b693eafdb6564a6a795bb4,1.5491287156164635,0.5108935740732065,604479101170647254,8300,7200,2.516721484105855,1.5495302761503993,0.5108935740732065,1.5491287156164635,0.0,0.0
971,0x4421a93c534b2126e2af00d3763cb71ec0ae148e,1.5888555336749148,1.0503918713233351,93584112922603393,8300,7200,1.2554839093420946,1.5892673920763618,1.0503918713233351,1.5888555336749148,0.0,0.0
981,0x0b2b7216a9f40b0bec45ccb9b5a2a4ba50165e9e,1.4086457081663637,0.687710421457688,326514488422093729,8300,7200,1.7000992006197426,1.4090108531133234,0.687710421457688,1.4086457081663635,1.5762984520363684e-16,0.0
982,0x5b0f81c1a13c6c05370117f4085a92b62cbcb7bb,1.426579196082822,0.5618233189944576,465313702185174240,8300,7200,2.1075321951177735,1.426948989695132,0.5618233189944576,1.426579196082822,0.0,0.0
987,0xafcbfc631c3c1cdcd6bc2597cf2c876a3a0ff692,1.4230598715441514,8.34075269062e-07,1024602273436519844,8300,7200,1416106.8397459546,1.4234287528876313,8.34075269062e-07,1.4230598715441514,0.0,0.0
988,0x43fb2b958b082954eb5c68d284e666a939d10d7c,1.299263045816968,0.6429847912941725,292484601694044448,8300,7200,1.6771599307310974,1.2995998369158237,0.6429847912941725,1.299263045816968,0.0,0.0
992,0xea085e2968ed06b04a8706249f63e1e89261341c,1.245595560495426,0.8165870433701766,80241760186530144,8300,7200,1.266055252290526,1.2459184400685037,0.8165870433701766,1.2455955604954259,1.7826380565832683e-16,0.0
993,0x916fd9eb47a8e68ba33c02c3e46a04fad141cafc,1.2310596626369834,0.812524168260759,73838788837868990,8300,7200,1.257537387688857,1.2313787742578914,0.812524168260759,1.2310596626369834,0.0,0.0
995,0x3bfdd8e96bb2e4af0e6403dd49e5780ed4507af5,1.2208883265603019,0.8107589457746457,68280649348771643,8300,7200,1.2498626334327398,1.221204801597752,0.8107589457746457,1.2208883265603019,0.0,0.0
1001,0xdf407dff04438393721617c090d4390ffc64cd69,1.1892256553796723,0.5888693859903812,267373085882982930,8300,7200,1.6761905397833858,1.189533922913758,0.5888693859903812,1.1892256553796723,0.0,0.0
1007,0xf1489a3423eee789406a6aab99d2025697f80fed,1.1318109630118756,0.3707545610239777,444149332344572741,8300,7200,2.533760061387628,1.1321043476803283,0.3707545610239777,1.1318109630118758,1.9618523956875783e-16,0.0
1021,0x26548674d4ed7fee27403a944345898539208bf1,1.0361379028518218,0.4386056829106442,307413607142667492,8300,7200,1.960746275925969,1.0364064874344365,0.43860568870397715,1.0361379028518218,0.0,1.320852225637423e-08
1029,0xab42d8b7cb2ed2364a77f7ec18351cf767f1df97,1.0490235731986113,0.6429413771988478,112355595504152384,8300,7200,1.3542285449853106,1.0492954979663331,0.6429413856911533,1.0490235731986115,2.1166788869003965e-16,1.3208522311107045e-08
1031,0x92a1c81a75357ab3e7e0b6c7e0941113b559e1f8,1.0051038724856918,0.5022386994776096,221436088712088471,8300,7200,1.6610353105621551,1.0053644125193426,0.5022387061114406,1.0051038724856916,2.2091707235780472e-16,1.3208522256345892e-08
1035,0xb051da4615f0201c3ecd838dfd17197370adc785,1.0005790294105021,0.7125306549900793,7886246185482183,8300,7200,1.1655366524858914,1.0008383965278014,0.7125306644015563,1.000579029410502,2.2191610897127275e-16,1.320852229476888e-08
1044,0x16aa47b96e7d9e35118dd4a1652e83a86f69ad87,1.0397045351360683,0.68391752707742,64669738220549085,8300,7200,1.2617819108257031,1.039974044250486,0.6839175361109598,1.0397045351360683,0.0,1.3208522149862294e-08
1048,0x998bb30ea9f0468e4a329e4f1d8742f505ec2c4e,0.9546427408873261,0.6122193173975722,75123456041302595,8300,7200,1.29423141743489,0.954890200536666,0.6122193173975722,0.9546427408873261,0.0,0.0
1050,0xd3b26944515d747cad1d07eb9a5427c5cc5ae17d,0.9414888254628788,0.6145242005652785,63347753767994316,8300,7200,1.2716109868665468,0.9417328753934213,0.6145242005652785,0.9414888254628788,0.0,0.0
1053,0xc18c6ef38fe9db8428371f74dd048e32f1c61ad0,0.9294772293698781,0.6130932515071421,56130353639170027,8300,7200,1.2583177167266726,0.9297181656902396,0.6130932515071421,0.9294772293698781,0.0,0.0
1055,0x92cb71850aa43263ebaaa1e0ed3e78cb984915ff,1.0321043029424986,0.5618654849144492,181249613204149730,8300,7200,1.5246470809160106,1.0323718419473527,0.5618654849144492,1.0321043029424983,2.151377571937146e-16,0.0
1061,0x55643596e99752d7b1afefd367a9761b55b598d8,0.8347816337771,0.3174684516237876,283574324695724359,8300,7200,2.1824806606486655,0.834998023387079,0.3174684516237876,0.8347816337771,0.0,0.0
1065,0x64b61e3b8f1d5cb92641c92a447b2bb43972450d,0.76602472610053,0.4151534704810281,136384332311353481,8300,7200,1.531483096905714,0.766223292749589,0.4151534704810281,0.76602472610053,0.0,0.0
1072,0x154ce3e107adb4c7e49c1c34cbf2c3c83d0a40a9,0.7668152760981173,0.5365994683587041,15507530431940329,8300,7200,1.1860926383474928,0.7670140476711932,0.5365994683587041,0.7668152760981173,0.0,0.0
1074,0xa4b1e70fbb654b37d8839cffe6ce620dc1a062f7,0.7169114860339357,0.4835983219458211,32577947998612673,8300,7200,1.230435480036323,0.7170973216951139,0.4835983219458211,0.7169114860339357,0.0,0.0
1080,0x4df9792776bf49cd6b1488cf568e80a81a0d2643,0.6649547420050245,0.4866030467965204,0,8307,7205,1.1351714869441787,0.6527136041565145,0.4863690971300787,0.6525444535258837,0.018663358113245765,0.0004807813431951648
1083,0x4eb8acf669f07c06052fd17fe969de7cbf598b22,0.6202374924617623,0.3544129111798854,92158083392583459,8300,7200,1.4525348894018506,0.6203982685781232,0.3538159559767756,0.6202374924617623,0.0,0.0016843494812940703
1085,0xf41a5d8d2fa386cf8906e4e386cb3d9d2c52fdcd,0.6080076493667771,0.49927723984731753,0,8300,7200,1.010753763037044,0.6081652552996188,0.49927723984731753,0.608007649366777,1.8260017382699422e-16,0.0
1088,0x890e6bf919299061823664287bf9564babd3d8ab,0.5772039050088286,0.4084804429159677,7106368690388911,8300,7200,1.1728327499289448,0.5773535260867602,0.4084804429159677,0.5772039050088287,1.923450300649257e-16,0.0
1089,0xa2b8ae4e4b117938816a1bdf8d67a93e703d07be,0.5578765110507986,0.2512309519246382,150440136031936797,8300,7200,1.8430750694725717,0.5580211221392056,0.2512309519246382,0.5578765110507986,0.0,0.0
1091,0x0b216677708f6f95b26c102da60820f44a3fdbe9,0.530308126620789,0.33772688345353924,44094967713428820,8300,7200,1.3032890381550175,0.5304455915146545,0.33772688345353924,0.530308126620789,0.0,0.0
1092,0x4ec9071cc9b5c4833228d5b25fc39f96c6410375,0.5463526527254366,0.35224232470711137,41131585255203032,8300,7200,1.2873884537844051,0.5464942766335948,0.35224232470711137,0.5463526527254366,0.0,0.0
1095,0x831b072ec27f4d2998ea6158381355c504c0189f,0.5190130941273653,0.4081762562498569,0,8300,7200,1.0553795364863638,0.5191476311565331,0.4081762562498569,0.5190130941273653,0.0,0.0
1101,0xcf8ba8a1ddee3f33c7acaeea8f0b231f397f5be1,0.5143495015624721,0.2798223347985617,90509306326418155,8300,7200,1.5256469309505816,0.5144828297090586,0.2798223347985617,0.5143495015624721,0.0,0.0
1102,0x73961340546a1ad9cb8960ad3098146d068988df,0.5152210267784209,0.255268288237961,115690851042501979,8300,7200,1.6752314013538945,0.5153545808391793,0.255268288237961,0.5152210267784209,0.0,0.0
1105,0xe2abe2706a8bd68fe8ff82dda198e34c84ee5d76,0.503394806129505,0.35589561127141206,6548649141831589,8300,7200,1.173989439192197,0.5035252946325534,0.35589561127141206,0.503394806129505,0.0,0.0
1108,0x73af18a1efdbb1610a18b77cb87fecaf73a7ce5d,0.47187920735619826,0.3851632983445391,0,8300,7200,1.0168667258511588,0.47200152647955385,0.3851632983445391,0.47187920735619826,0.0,0.0
1110,0x2d866cab327774ee9f5eb0fc39341194f2caee54,0.5016181530262336,0.25903082413478334,102134246044104798,8300,7200,1.60731089978363,0.5017481809905534,0.2590306599315884,0.5016181530262335,2.2132831874748644e-16,6.339137262081402e-07
1111,0x1e487518aa98257d233a2c9d6d7258affa55a8ad,0.4310683181921532,0.11607556675946615,194293622338884138,8300,7200,3.082360173531602,0.4311800584383129,0.11607556675946615,0.4310683181921532,0.0,0.0
1116,0x06e4ccfc5f150f92167c3730e3e041dbfaedc47e,0.4143906699864847,0.2490780542803669,49283228109902108,8300,7200,1.380869370778175,0.4144980871023256,0.2490780542803669,0.4143906699864847,0.0,0.0
1120,0xabd2e437041f64cf1881b247c59484d9ed395844,0.381985936133223,0.2204525347922541,54577339223666445,8300,7200,1.4381704764218253,0.3820849533904227,0.2204525347922541,0.38198593613322296,1.453225000720904e-16,0.0
1129,0x1ce0205b76a33b75504146485fe549b9cf9a3a56,0.3553771894708796,0.12913999798572487,126731578433308458,8300,7200,2.284056619649594,0.35546930928798326,0.12913999798572487,0.35537718947087965,1.5620347303074874e-16,0.0
1133,0x219c0c5b42a2df32782d8f6bf10eddcd7414cbbf,0.3392972211799316,0.2277913911802572,16502608069293534,8300,7200,1.2362920833847169,0.3393851727955246,0.2277913911802572,0.3392972211799316,0.0,0.0
1135,0xd13f3323ff8a53f0677a55c1116cf0ad2599ea3d,0.324161838866356,0.2040718506297529,29324673354023452,8300,7200,1.318429393514053,0.3242458671332034,0.2040718506297529,0.324161838866356,0.0,0.0
1136,0x619100bddf37832a64998d225ada8ec981221e2b,0.32035941557700925,0.2143568049426233,16301974272823345,8300,7200,1.2404472766800683,0.3204424581910113,0.2143568049426233,0.3203594155770092,1.7327772661613511e-16,0.0
1137,0x287fea5e9635ea7c9a041c38bbe780b0950d260d,0.3213302562434519,0.2072540193138367,24103765181448705,8300,7200,1.2868465160051032,0.3214135505158814,0.2072540193138367,0.3213302562434519,0.0,0.0
1148,0x68c63daba06d6c9e046bd5c18fe4d59b44be81a3,0.30505913514303595,0.20311407061737716,16528506685608725,8300,7200,1.2465856323941829,0.3051382116638926,0.20311407061737716,0.30505913514303595,0.0,0.0
1149,0x09fd84af2018ca7c77a11241dd08e1dc4ec55b9b,0.3318369210037284,0.15364524370616356,87401095710944769,8318,7264,1.7964887440237016,0.31168730018536567,0.15364524370616356,0.31160652646922093,0.06096486935002684,0.0
1151,0x6d41e3466b9274fcf16434f97eec9475a73f05fe,0.3036727404600824,0.20225387903925826,16390494092001087,8300,7200,1.2461979754313877,0.30375145760383665,0.20225387903925826,0.30367274046008247,1.8279925668387324e-16,0.0
1170,0x349021deb209bd7100873496b841f5dcd2b1e1e0,0.2634241645957474,0.17635405178974775,13311346719190398,8300,7200,1.239790378477604,0.2634924486234853,0.17635405178974775,0.2634241645957474,0.0,0.0
1173,0x5e127b154f21d057b44355f1aeedac16c29e5195,0.24485612008906943,0.17457335129234297,1723055171787025,8300,7200,1.1641558013834246,0.24491959096358698,0.17457335129234297,0.24485612008906943,0.0,0.0
1174,0xc0d72d82177aa3c525d261bb15d3d1e8e077b678,0.24197274230799637,0.15140321640124532,22817158060512072,8300,7200,1.3265066680180848,0.2420354657619093,0.15140321640124532,0.24197274230799637,0.0,0.0
1178,0xcbb6d042d332a737a11490e556d3f4b1e5446a04,0.2420172252826377,0.10884935808783676,65403044115662375,8300,7200,1.8454339144792415,0.24207996026729486,0.10884935808783676,0.2420172252826377,0.0,0.0
1187,0x5f025e2648d712d8e4ca8391f140e9e84ebff79f,0.20650382467457948,0.10201236817011576,46670385595581455,8300,7200,1.680170527892044,0.20655735398125372,0.10201236817011576,0.20650382467457945,1.3440707773508667e-16,0.0
1193,0x32100550c4f92f313dbcf95a3f3441c2547ee32b,0.21123343366685918,0.145266279100994,6821793139144627,8300,7200,1.206912925893849,0.21128818896869644,0.14526628101974684,0.21123343366685918,0.0,1.320852205290493e-08
1206,0x6d60ea91f0c3add155761f561ef3cf008e7fba2c,0.2058867163215013,0.10196862021952284,46269815531958095,8300,7200,1.6758682639713542,0.2059400856631854,0.10196862156637763,0.2058867163215013,0.0,1.3208522302841935e-08
1207,0x3865007e81e7d43bd38eb130dea19cbed73e2b69,0.20526690310264986,0.10078594350290734,47006226731000569,8300,7200,1.6904294751210494,0.20532011177819653,0.10078594483414072,0.20526690310264986,0.0,1.3208522213195543e-08
1210,0xcca070b6714c6e40465135dcfb6101e633c40e2f,0.20024715983485777,0.15243029104366124,0,8300,7200,1.0903682038849163,0.20029906730749825,0.15243029305704014,0.20024715983485777,0.0,1.3208522362935639e-08
1211,0xf3b66b590a80282430eb02a0371cf06fc421ec59,0.2006683079926547,0.1298596150823222,14621566672389178,8300,7200,1.2825749986115313,0.20072032463406686,0.1298596167975758,0.20066830799265467,1.3831569067022225e-16,1.3208522177806424e-08
1212,0xa1e95885ce353318091935e1b554382e40678d07,0.19416038866809374,0.08992370169615899,49871778144868517,8300,7200,1.7921095279088286,0.19421071834603257,0.0899237028839182,0.19416038866809374,0.0,1.3208522203007623e-08
1215,0x9a3d054f61807823eca06a944f5181555a3cd254,0.18360889971464883,0.10123988930035707,30958518494190098,8300,7200,1.5052899387417746,0.18365649426703273,0.1012398906375864,0.18360889971464883,0.0,1.3208522218967142e-08
1217,0x2402721f2f5b01f5c5b0978164ed0edd48fe2bb1,0.1846799662160554,0.12101053228578251,11959043389777372,8300,7200,1.2667027329267877,0.18472783840710924,0.12101053388415282,0.1846799662160554,0.0,1.3208522274176031e-08
1226,0xff2619f149d23005c75ac837957017951952fb7c,0.16935681220251367,0.119721345574004,2215559211805836,8300,7200,1.1741110447275873,0.16940071237120086,0.119721345574004,0.16935681220251367,0.0,0.0
1231,0x15a340a6be2f1d6271c9632be94f1d33e3890dcf,0.15742132904125375,0.056947692610000725,56395664299701981,8300,7200,2.294380985706437,0.15746213532952757,0.056947692610000725,0.15742132904125375,0.0,0.0
1236,0x777decaf6fcbaf60940318bac84fc0268dd2fea6,0.1557558412672527,0.061415234803142905,50728970909279039,8300,7200,2.104971977493832,0.15579621583274386,0.061415234803142905,0.1557558412672527,0.0,0.0
1238,0xc9b41a6b1885c6061a2c3fdea733934abc2ff34a,0.15500329495090456,0.08176416151779128,29838210846859991,8300,7200,1.5734611891208212,0.1550434744435799,0.08176416151779128,0.15500329495090454,1.7906442327190632e-16,0.0
1244,0x7f689846082b2b086fd9a899c61c16e9d0f6c31f,0.14353845777349356,0.05098597473351625,52361714863399106,8300,7200,2.3366606321577987,0.14357566538520639,0.05098597473351625,0.14353845777349356,0.0,0.0
1245,0x3a61323aa49bf6e6b7f1648eb64f8fb1cac6fe4b,0.14643876519260107,0.09465703761748843,11086394728088809,8306,7221,1.2849761774765518,0.14345123736580673,0.09465703761748843,0.14341406199959608,0.02065507168833882,0.0
1247,0x092ae998c37682c335adabdb95e72c7023a0da62,0.14014300376169317,0.0770809886276081,23821974080810979,8300,7200,1.5090451639659361,0.14017933121392526,0.0770809886276081,0.14014300376169317,0.0,0.0
1259,0xb9876bf551da1ad85f395663c4f82bd21ac16164,0.12805016154908047,0.10348911216614042,0,8300,7200,1.0269837267046342,0.12808335433075438,0.10348911216614042,0.12805016154908047,0.0,0.0
1262,0x02abc7f45db2abfde8743036756d8f18356c45a3,0.12001611297344142,0.08024703672324343,6164564617634387,8300,7200,1.2413339836024564,0.12004722319296075,0.08024703672324343,0.12001611297344142,0.0,0.0
1282,0xdab164f4c9f84f8814d989d67dbe2471fef0db33,0.10863068847269713,0.04657917491921006,31634920781131873,8300,7200,1.935703489568546,0.10865884739637156,0.04657917491921006,0.10863068847269713,0.0,0.0
1340,0x219da023416209c8c6cfb47d9903353541a359dc,0.10278836393252301,0.0714050513719699,2602570659446676,8300,7200,1.1947942116807202,0.10281500842622263,0.0714050513719699,0.10278836393252301,0.0,0.0
1367,0x540a7e86f441417abaa127fffc230bd09a0e5928,0.10339847258315452,0.035782529112534135,38664371147337121,8300,7200,2.3983976083444705,0.10342527522740227,0.035782529112534135,0.10339847258315452,0.0,0.0
1436,0x26d350aa700adddeadeddfc0be34fa69464754d3,0.10546367846324581,0.020757125577597728,55176722915939254,8300,7200,4.217098981130924,0.10549101644401372,0.020757125577597728,0.10546367846324581,0.0,0.0
